/*
SQLyog Community v13.1.6 (64 bit)
MySQL - 8.0.26 : Database - uraa_tramite
*********************************************************************
*/

/*!40101 SET NAMES utf8 */;

/*!40101 SET SQL_MODE=''*/;

/*!40014 SET @OLD_UNIQUE_CHECKS=@@UNIQUE_CHECKS, UNIQUE_CHECKS=0 */;
/*!40014 SET @OLD_FOREIGN_KEY_CHECKS=@@FOREIGN_KEY_CHECKS, FOREIGN_KEY_CHECKS=0 */;
/*!40101 SET @OLD_SQL_MODE=@@SQL_MODE, SQL_MODE='NO_AUTO_VALUE_ON_ZERO' */;
/*!40111 SET @OLD_SQL_NOTES=@@SQL_NOTES, SQL_NOTES=0 */;
CREATE DATABASE /*!32312 IF NOT EXISTS*/`uraa_tramite` /*!40100 DEFAULT CHARACTER SET utf8 */ /*!80016 DEFAULT ENCRYPTION='N' */;

USE `uraa_tramite`;

/*Data for the table `cronograma_carpeta` */

insert  into `cronograma_carpeta`(`idCronograma_carpeta`,`idDependencia`,`idUnidad`,`fecha_cierre_alumno`,`fecha_cierre_secretaria`,`fecha_cierre_decanato`,`fecha_cierre_uraa`,`fecha_colacion`,`estado`) values 
(1,1,1,'2022-07-23','2022-07-23','2022-07-23','2022-07-23','2022-07-23',1);

/*Data for the table `dependencia` */

insert  into `dependencia`(`idDependencia`,`idUnidad`,`nombre`,`estado`) values 
(1,1,'FACULTAD DE CIENCIAS AGROPECUARIAS',1),
(2,1,'FACULTAD DE CIENCIAS BIOLOGICAS',1),
(3,1,'FACULTAD DE CIENCIAS DE LA EDUCACION',1),
(4,1,'FACULTAD DE CIENCIAS ECONOMICAS',1),
(5,1,'FACULTAD DE CIENCIAS FISICAS Y MATEMATICAS',1),
(6,1,'FACULTAD DE CIENCIAS MEDICAS',1),
(7,1,'FACULTAD DE CIENCIAS SOCIALES',1),
(8,1,'FACULTAD DE DERECHO Y CIENCIAS POLITICAS',1),
(9,1,'FACULTAD DE EDUCACION',1),
(10,1,'FACULTAD DE EDUCACION Y CIENCIAS DE LA COMUNICACION',1),
(11,1,'FACULTAD DE ENFERMERIA',1),
(12,1,'FACULTAD DE FARMACIA Y BIOQUIMICA',1),
(13,1,'FACULTAD DE INGENIERIA',1),
(14,1,'FACULTAD DE INGENIERIA QUIMICA',1),
(15,1,'FACULTAD DE MEDICINA',1),
(16,1,'FACULTAD DE ESTOMATOLOGIA',1),
(17,4,'SEGUNDA ESPECIALIDAD PROFESIONAL EN ENFERMERÍA',1),
(18,4,'SEGUNDA ESPECIALIDAD PROFESIONAL EN CIENCIAS BIOLÓGICAS',1),
(19,4,'SEGUNDA ESPECIALIDAD PROFESIONAL EN ESTIMULACIÓN',1),
(20,4,'SEGUNDA ESPECIALIDAD PROFESIONAL EN TECNOLOGÍA EDUCATIVA',1),
(21,4,'SEGUNDA ESPECIALIDAD PROFESIONAL EN FARMACIA Y BIOQUÍMICA',1),
(22,4,'SEGUNDA ESPECIALIDAD PROFESIONAL EN MEDICINA',1),
(23,4,'SEGUNDA ESPECIALIDAD PROFESIONAL EN ESTOMATOLOGÍA',1);

/*Data for the table `escuela` */

insert  into `escuela`(`idEscuela`,`idDependencia`,`idUnidad`,`idSGA_PREG`,`idSUV_PREG`,`nombre`,`denominacion`,`descripcion_grado`,`descripcion_titulo`,`estado`) values 
(1,4,1,50,366,'ADMINISTRACION','ESCUELA PROFESIONAL DE ADMINISTRACION','ESCUELA PROFESIONAL DE ADMINISTRACION','ESCUELA PROFESIONAL DE ADMINISTRACION',1),
(2,1,1,51,233,'AGRONOMIA','ESCUELA PROFESIONAL DE AGRONOMIA','ESCUELA PROFESIONAL DE AGRONOMIA','ESCUELA PROFESIONAL DE AGRONOMIA',1),
(3,7,1,52,78,'ANTROPOLOGIA','ESCUELA PROFESIONAL DE ANTROPOLOGIA','ESCUELA PROFESIONAL DE ANTROPOLOGIA','ESCUELA PROFESIONAL DE ANTROPOLOGIA',1),
(4,7,1,53,18,'ARQUEOLOGIA','ESCUELA PROFESIONAL DE ARQUEOLOGIA','ESCUELA PROFESIONAL DE ARQUEOLOGIA','ESCUELA PROFESIONAL DE ARQUEOLOGIA',1),
(5,13,1,306,209,'ARQUITECTURA Y URBANISMO','ESCUELA PROFESIONAL DE ARQUITECTURA Y URBANISMO','ESCUELA PROFESIONAL DE ARQUITECTURA Y URBANISMO','ESCUELA PROFESIONAL DE ARQUITECTURA Y URBANISMO',1),
(6,2,1,83,203,'BIOLOGIA PESQUERA','ESCUELA PROFESIONAL DE BIOLOGIA PESQUERA','ESCUELA PROFESIONAL DE BIOLOGIA PESQUERA','ESCUELA PROFESIONAL DE BIOLOGIA PESQUERA',1),
(7,2,1,54,387,'CIENCIAS BIOLOGICAS','ESCUELA PROFESIONAL DE CIENCIAS BIOLOGICAS','ESCUELA PROFESIONAL DE CIENCIAS BIOLOGICAS','ESCUELA PROFESIONAL DE CIENCIAS BIOLOGICAS',1),
(8,10,1,55,162,'CIENCIAS DE LA COMUNICACION','ESCUELA PROFESIONAL DE CIENCIAS DE LA COMUNICACION','ESCUELA PROFESIONAL DE CIENCIAS DE LA COMUNICACION','ESCUELA PROFESIONAL DE CIENCIAS DE LA COMUNICACION',1),
(9,8,1,307,92,'CIENCIAS POLITICAS Y GOBERNABILIDAD','ESCUELA PROFESIONAL DE CIENCIAS POLITICAS Y GOBERNABILIDAD','ESCUELA PROFESIONAL DE CIENCIAS POLITICAS Y GOBERNABILIDAD','ESCUELA PROFESIONAL DE CIENCIAS POLITICAS Y GOBERNABILIDAD',1),
(10,4,1,56,255,'CONTABILIDAD Y FINANZAS','ESCUELA PROFESIONAL DE CONTABILIDAD Y FINANZAS','ESCUELA PROFESIONAL DE CONTABILIDAD Y FINANZAS','ESCUELA PROFESIONAL DE CONTABILIDAD Y FINANZAS',1),
(11,8,1,57,297,'DERECHO Y CIENCIAS POLITICAS','ESCUELA PROFESIONAL DE DERECHO Y CIENCIAS POLITICAS','ESCUELA PROFESIONAL DE DERECHO Y CIENCIAS POLITICAS','ESCUELA PROFESIONAL DE DERECHO Y CIENCIAS POLITICAS',1),
(12,4,1,58,142,'ECONOMIA','ESCUELA PROFESIONAL DE ECONOMIA','ESCUELA PROFESIONAL DE ECONOMIA','ESCUELA PROFESIONAL DE ECONOMIA',1),
(13,10,1,59,328,'EDUCACION INICIAL','ESCUELA PROFESIONAL DE EDUCACION INICIAL','ESCUELA PROFESIONAL DE EDUCACION INICIAL','ESCUELA PROFESIONAL DE EDUCACION INICIAL',1),
(14,10,1,60,355,'EDUCACION PRIMARIA','ESCUELA PROFESIONAL DE EDUCACION PRIMARIA','ESCUELA PROFESIONAL DE EDUCACION PRIMARIA','ESCUELA PROFESIONAL DE EDUCACION PRIMARIA',1),
(15,10,1,61,94,'EDUCACION SECUNDARIA','ESCUELA PROFESIONAL DE EDUCACION SECUNDARIA','ESCUELA PROFESIONAL DE EDUCACION SECUNDARIA','ESCUELA PROFESIONAL DE EDUCACION SECUNDARIA',1),
(16,11,1,63,270,'ENFERMERIA','ESCUELA PROFESIONAL DE ENFERMERIA','ESCUELA PROFESIONAL DE ENFERMERIA','ESCUELA PROFESIONAL DE ENFERMERIA',1),
(17,5,1,72,128,'ESTADISTICA','ESCUELA PROFESIONAL DE ESTADISTICA','ESCUELA PROFESIONAL DE ESTADISTICA','ESCUELA PROFESIONAL DE ESTADISTICA',1),
(18,16,1,62,303,'ESTOMATOLOGIA','ESCUELA PROFESIONAL DE ESTOMATOLOGIA','ESCUELA PROFESIONAL DE ESTOMATOLOGIA','ESCUELA PROFESIONAL DE ESTOMATOLOGIA',1),
(19,12,1,64,358,'FARMACIA Y BIOQUIMICA','ESCUELA PROFESIONAL DE FARMACIA Y BIOQUIMICA','ESCUELA PROFESIONAL DE FARMACIA Y BIOQUIMICA','ESCUELA PROFESIONAL DE FARMACIA Y BIOQUIMICA',1),
(20,5,1,65,6,'FISICA','ESCUELA PROFESIONAL DE FISICA','ESCUELA PROFESIONAL DE FISICA','ESCUELA PROFESIONAL DE FISICA',1),
(21,7,1,66,15,'HISTORIA','ESCUELA PROFESIONAL DE HISTORIA','ESCUELA PROFESIONAL DE HISTORIA','ESCUELA PROFESIONAL DE HISTORIA',1),
(22,5,1,75,146,'INFORMATICA','ESCUELA PROFESIONAL DE INFORMATICA','ESCUELA PROFESIONAL DE INFORMATICA','ESCUELA PROFESIONAL DE INFORMATICA',1),
(23,1,1,67,260,'INGENIERIA AGRICOLA','ESCUELA PROFESIONAL DE INGENIERIA AGRICOLA','ESCUELA PROFESIONAL DE INGENIERIA AGRICOLA','ESCUELA PROFESIONAL DE INGENIERIA AGRICOLA',1),
(24,1,1,68,60,'INGENIERIA AGROINDUSTRIAL','ESCUELA PROFESIONAL DE INGENIERIA AGROINDUSTRIAL','ESCUELA PROFESIONAL DE INGENIERIA AGROINDUSTRIAL','ESCUELA PROFESIONAL DE INGENIERIA AGROINDUSTRIAL',1),
(25,14,1,69,300,'INGENIERIA AMBIENTAL','ESCUELA PROFESIONAL DE INGENIERIA AMBIENTAL','ESCUELA PROFESIONAL DE INGENIERIA AMBIENTAL','ESCUELA PROFESIONAL DE INGENIERIA AMBIENTAL',1),
(26,13,1,305,172,'INGENIERIA CIVIL','ESCUELA PROFESIONAL DE INGENIERIA CIVIL','ESCUELA PROFESIONAL DE INGENIERIA CIVIL','ESCUELA PROFESIONAL DE INGENIERIA CIVIL',1),
(27,13,1,70,8,'INGENIERIA DE MATERIALES','ESCUELA PROFESIONAL DE INGENIERIA DE MATERIALES','ESCUELA PROFESIONAL DE INGENIERIA DE MATERIALES','ESCUELA PROFESIONAL DE INGENIERIA DE MATERIALES',1),
(28,13,1,71,400,'INGENIERIA DE MINAS','ESCUELA PROFESIONAL DE INGENIERIA DE MINAS','ESCUELA PROFESIONAL DE INGENIERIA DE MINAS','ESCUELA PROFESIONAL DE INGENIERIA DE MINAS',1),
(29,13,1,73,21,'INGENIERIA DE SISTEMAS','ESCUELA PROFESIONAL DE INGENIERIA DE SISTEMAS','ESCUELA PROFESIONAL DE INGENIERIA DE SISTEMAS','ESCUELA PROFESIONAL DE INGENIERIA DE SISTEMAS',1),
(30,13,1,74,61,'INGENIERIA INDUSTRIAL','ESCUELA PROFESIONAL DE INGENIERIA INDUSTRIAL','ESCUELA PROFESIONAL DE INGENIERIA INDUSTRIAL','ESCUELA PROFESIONAL DE INGENIERIA INDUSTRIAL',1),
(31,13,1,76,222,'INGENIERIA MECANICA','ESCUELA PROFESIONAL DE INGENIERIA MECANICA','ESCUELA PROFESIONAL DE INGENIERIA MECANICA','ESCUELA PROFESIONAL DE INGENIERIA MECANICA',1),
(32,13,1,77,119,'INGENIERIA MECATRONICA','ESCUELA PROFESIONAL DE INGENIERIA MECATRONICA','ESCUELA PROFESIONAL DE INGENIERIA MECATRONICA','ESCUELA PROFESIONAL DE INGENIERIA MECATRONICA',1),
(33,13,1,78,515,'INGENIERIA METALURGICA','ESCUELA PROFESIONAL DE INGENIERIA METALURGICA','ESCUELA PROFESIONAL DE INGENIERIA METALURGICA','ESCUELA PROFESIONAL DE INGENIERIA METALURGICA',1),
(34,14,1,79,168,'INGENIERIA QUIMICA','ESCUELA PROFESIONAL DE INGENIERIA QUIMICA','ESCUELA PROFESIONAL DE INGENIERIA QUIMICA','ESCUELA PROFESIONAL DE INGENIERIA QUIMICA',1),
(35,5,1,80,214,'MATEMATICA','ESCUELA PROFESIONAL DE MATEMATICA','ESCUELA PROFESIONAL DE MATEMATICA','ESCUELA PROFESIONAL DE MATEMATICA',1),
(36,15,1,81,194,'MEDICINA','ESCUELA PROFESIONAL DE MEDICINA','ESCUELA PROFESIONAL DE MEDICINA','ESCUELA PROFESIONAL DE MEDICINA',1),
(37,2,1,82,212,'MICROBIOLOGIA Y PARASITOLOGIA','ESCUELA PROFESIONAL DE MICROBIOLOGIA Y PARASITOLOGIA','ESCUELA PROFESIONAL DE MICROBIOLOGIA Y PARASITOLOGIA','ESCUELA PROFESIONAL DE MICROBIOLOGIA Y PARASITOLOGIA',1),
(38,7,1,84,152,'TRABAJO SOCIAL','ESCUELA PROFESIONAL DE TRABAJO SOCIAL','ESCUELA PROFESIONAL DE TRABAJO SOCIAL','ESCUELA PROFESIONAL DE TRABAJO SOCIAL',1),
(39,7,1,85,159,'TURISMO','ESCUELA PROFESIONAL DE TURISMO','ESCUELA PROFESIONAL DE TURISMO','ESCUELA PROFESIONAL DE TURISMO',1),
(40,1,1,86,145,'ZOOTECNIA','ESCUELA PROFESIONAL DE ZOOTECNIA','ESCUELA PROFESIONAL DE ZOOTECNIA','ESCUELA PROFESIONAL DE ZOOTECNIA',1);

/*Data for the table `estado_tramite` */

insert  into `estado_tramite`(`idEstado_tramite`,`nombre`,`descripcion`,`color`,`icono`,`estado`) values 
(1,'TRAMITE REGISTRADO','EXITOSAMENTE','#01438e','icon-check','1'),
(2,'TRÁMITE EN PROCESO','VALIDANDO VOUCHER POR TESORERÍA','#CBBC02','icon-ccw','1'),
(3,'TRÁMITE EN PROCESO','VOUCHER VALIDADO','#CBBC02','icon-ccw','1'),
(4,'TRÁMITE OBSERVADO','VOUCHER RECHAZADO','#E12E15','icon-cross','1'),
(5,'TRÁMITE EN PROCESO','PENDIENTE DE ASIGNACIÓN EN URAA','#CBBC02','icon-ccw','1'),
(6,'TRÁMITE EN PROCESO','ASIGNADO EN URAA','#CBBC02','icon-ccw','1'),
(7,'TRÁMITE EN PROCESO','VALIDANDO DOCUMENTACIÓN EN URAA','#CBBC02','icon-ccw','1'),
(8,'TRÁMITE EN PROCESO','DOCUMENTOS VALIDADOS EN URAA','#CBBC02','icon-ccw','1'),
(9,'TRÁMITE OBSERVADO','DOCUMENTOS RECHAZADOS EN URAA','#E12E15','icon-cross','1'),
(10,'TRÁMITE EN PROCESO','CERTIFICADO GENERADO','#CBBC02','icon-ccw','1'),
(11,'TRÁMITE EN PROCESO','PENDIENTE DE FIRMA DE DIRECTOR URAA','#CBBC02','icon-ccw','1'),
(12,'TRÁMITE EN PROCESO','FIRMADO POR DIRECTOR URAA','#CBBC02','icon-ccw','1'),
(13,'TRÁMITE EN PROCESO','PENDIENTE DE FIRMA DE DECANO','#CBBC02','icon-ccw','1'),
(14,'TRÁMITE EN PROCESO','FIRMADO POR DECANO','#CBBC02','icon-ccw','1'),
(15,'TRAMITE FINALIZADO','EXITOSAMENTE','#2CAC16','icon-check','1');

/*Data for the table `historial_estado` */

insert  into `historial_estado`(`idHistorial_estado`,`idEstado_actual`,`idEstado_nuevo`,`fecha`,`estado`,`idTramite`,`idUsuario`) values 
(1,NULL,1,'2022-09-07 09:19:53',1,1,1),
(2,1,2,'2022-09-07 09:20:05',1,1,1),
(3,2,3,'2022-09-07 12:38:25',1,2,2),
(4,NULL,5,'2022-09-07 12:38:25',1,2,2),
(5,5,6,'2022-09-07 01:02:41',1,2,2),
(6,6,7,'2022-09-07 01:02:41',1,2,2),
(7,5,6,'2022-09-07 02:01:54',1,2,2),
(8,6,7,'2022-09-07 02:01:55',1,2,2);

/*Data for the table `mencion` */

insert  into `mencion`(`idMencion`,`idDependencia`,`idUnidad`,`idSGA_SE`,`nombre`,`denominacion`,`estado`) values 
(1,17,4,1,'CENTRO QUIRÚRGICO','SEGUNDA ESPECIALIDAD PROFESIONAL EN CENTRO QUIRÚRGICO',1),
(2,17,4,2,'CUIDADOS INTENSIVOS - ADULTO','SEGUNDA ESPECIALIDAD PROFESIONAL EN CUIDADOS INTENSIVOS - ADULTO',1),
(3,17,4,3,'CUIDADOS INTENSIVOS - PEDIATRÍA','SEGUNDA ESPECIALIDAD PROFESIONAL EN CUIDADOS INTENSIVOS - PEDIATRÍA',1),
(4,17,4,4,'CUIDADOS INTENSIVOS - NEONATOLOGÍA','SEGUNDA ESPECIALIDAD PROFESIONAL EN CUIDADOS INTENSIVOS - NEONATOLOGÍA',1),
(5,17,4,5,'EMERGENCIAS Y DESASTRES','SEGUNDA ESPECIALIDAD PROFESIONAL EN EMERGENCIAS Y DESASTRES',1),
(6,17,4,6,'ONCOLOGÍA','SEGUNDA ESPECIALIDAD PROFESIONAL EN ONCOLOGÍA',1),
(7,17,4,7,'NEFROLOGÍA','SEGUNDA ESPECIALIDAD PROFESIONAL EN NEFROLOGÍA',1),
(8,17,4,8,'SALUD FAMILIAR Y COMUNITARIA','SEGUNDA ESPECIALIDAD PROFESIONAL ESPECIALISTA EN SALUD FAMILIAR Y COMUNITARIA',1),
(9,17,4,9,'SALUD OCUPACIONAL','SEGUNDA ESPECIALIDAD PROFESIONAL ESPECIALISTA EN SALUD OCUPACIONAL',1),
(10,17,4,10,'GERENCIA Y ADMINISTRACIÓN EN SALUD','SEGUNDA ESPECIALIDAD PROFESIONAL EN GERENCIA Y ADMINISTRACIÓN EN SALUD',1),
(11,17,4,11,'GERIATRÍA Y GERONTOLOGÍA','SEGUNDA ESPECIALIDAD PROFESIONAL ESPECIALISTA  EN GERIATRÍA Y GERONTOLOGÍA',1),
(12,18,4,12,'ENTOMOLOGÍA MÉDICA Y CONTROL DE VECTORES','SEGUNDA ESPECIALIDAD EN ENTOMOLOGÍA MÉDICA Y CONTROL DE VECTORES',1),
(13,18,4,13,'GESTIÓN DE LA BIODIVERSIDAD','SEGUNDA ESPECIALIDAD EN GESTIÓN DE LA BIODIVERSIDAD',1),
(14,18,4,14,'EPIDEMIOLOGÍA','SEGUNDA ESPECIALIDAD EN EPIDEMIOLOGÍA',1),
(15,18,4,15,'LABORATORIO DE ANÁLISIS CLÍNICO Y BIOLÓGICOS','SEGUNDA ESPECIALIDAD EN LABORATORIO DE ANÁLISIS CLÍNICO Y BIOLÓGICOS',1),
(16,18,4,16,'BIOLOGÍA MOLECULAR Y GENÉTICA','SEGUNDA ESPECIALIDAD EN BIOLOGÍA MOLECULAR Y GENÉTICA',1),
(17,18,4,17,'GESTIÓN AMBIENTAL','SEGUNDA ESPECIALIDAD EN GESTIÓN AMBIENTAL',1),
(18,18,4,18,'BIOLOGÍA FORENSE','SEGUNDA ESPECIALIDAD EN BIOLOGÍA FORENSE',1),
(19,18,4,19,'HEMOTERAPIA Y BANCO DE SANGRE','SEGUNDA ESPECIALIDAD EN HEMOTERAPIA Y BANCO DE SANGRE',1),
(20,18,4,20,'GESTIÓN DE LA CALIDAD E INOCUIDAD ALIMENTARIA','SEGUNDA ESPECIALIDAD EN GESTIÓN DE LA CALIDAD E INOCUIDAD ALIMENTARIA',1),
(21,19,4,21,'ESTIMULACIÓN TEMPRANA','SEGUNDA ESPECIALIDAD EN ESTIMULACIÓN TEMPRANA',1),
(22,20,4,22,'CURRÍCULO Y ENSEÑANZA APRENDIZAJE','SEGUNDA ESPECIALIDAD PROFESIONAL EN TECNOLOGÍA EDUCATIVA MENCIÓN CURRÍCULO Y ENSEÑANZA APRENDIZAJE',1),
(23,20,4,23,'ADMINISTRACIÓN Y GERENCIA EDUCATIVA','SEGUNDA ESPECIALIDAD PROFESIONAL EN TECNOLOGÍA EDUCATIVA MENCIÓN ADMINISTRACIÓN Y GERENCIA EDUCATIVA',1),
(24,20,4,24,'INFORMÁTICA EDUCATIVA','SEGUNDA ESPECIALIDAD PROFESIONAL EN TECNOLOGÍA EDUCATIVA MENCIÓN INFORMÁTICA EDUCATIVA',1),
(25,18,4,25,'EDUCACIÓN AMBIENTAL','SEGUNDA ESPECIALIDAD EN EDUCACIÓN AMBIENTAL',1),
(26,18,4,26,'EVALUACIÓN DE IMPACTO AMBIENTAL','SEGUNDA ESPECIALIDAD: EVALUACIÓN DE IMPACTO AMBIENTAL',1),
(27,18,4,27,'SANIDAD VEGETAL','SEGUNDA ESPECIALIDAD EN SANIDAD VEGETAL',1),
(28,21,4,28,'TOXICOLOGÍA Y QUÍMICA FORENSE','SEGUNDA ESPECIALIDAD EN TOXICOLOGÍA Y QUÍMICA FORENSE',1),
(29,21,4,29,'FARMACIA CLÍNICA','SEGUNDA ESPECIALIDAD EN FARMACIA CLÍNICA',1),
(30,21,4,30,'FARMACIA HOSPITALARIA Y COMUNITARIA','SEGUNDA ESPECIALIDAD EN FARMACIA HOSPITALARIA Y COMUNITARIA',1),
(31,22,4,31,'ANESTESIOLOGÍA','ANESTESIOLOGÍA',1),
(32,22,4,32,'CIRUGÍA GENERAL','CIRUGÍA GENERAL',1),
(33,22,4,33,'DERMATOLOGÍA','DERMATOLOGÍA',1),
(34,22,4,34,'GASTROENTEROLOGÍA','GASTROENTEROLOGÍA',1),
(35,22,4,35,'GINECOLOGÍA Y OBSTETRICIA','GINECOLOGÍA Y OBSTETRICIA',1),
(36,22,4,36,'MEDICINA DE EMERGENCIAS Y DESASTRES','MEDICINA DE EMERGENCIAS Y DESASTRES',1),
(37,22,4,37,'MEDICINA DE ENFERMEDADES INFECCIOSAS Y TROPICALES','MEDICINA DE ENFERMEDADES INFECCIOSAS Y TROPICALES',1),
(38,22,4,38,'MEDICINA FAMILIAR Y COMUNITARIA','MEDICINA FAMILIAR Y COMUNITARIA',1),
(39,22,4,39,'MEDICINA INTERNA','MEDICINA INTERNA',1),
(40,22,4,40,'NEUMOLOGÍA','NEUMOLOGÍA',1),
(41,22,4,41,'NEUROLOGÍA','NEUROLOGÍA',1),
(42,22,4,42,'OFTALMOLOGÍA','OFTALMOLOGÍA',1),
(43,22,4,43,'ORTOPEDIA Y TRAUMATOLOGÍA','ORTOPEDIA Y TRAUMATOLOGÍA',1),
(44,22,4,44,'OTORRINOLARINGOLOGÍA','OTORRINOLARINGOLOGÍA',1),
(45,22,4,45,'PEDIATRÍA','PEDIATRÍA',1),
(46,22,4,46,'PSIQUIATRÍA','PSIQUIATRÍA',1),
(47,22,4,47,'RADIOLOGÍA','RADIOLOGÍA',1),
(48,22,4,48,'REUMATOLOGÍA','REUMATOLOGÍA',1),
(49,22,4,49,'NEONATOLOGÍA','SUB ESPECIALIDAD: NEONATOLOGÍA',1),
(50,22,4,50,'UROLOGÍA','UROLOGÍA',1),
(51,22,4,51,'MEDICINA INTENSIVA','MEDICINA INTENSIVA',1),
(52,22,4,52,'NEUROCIRUGÍA','NEUROCIRUGÍA',1),
(53,22,4,53,'PATOLOGIA','PATOLOGIA',1),
(54,22,4,54,'MEDICINA FISICA Y DE REHABILITACION','MEDICINA FISICA Y REHABILITACION (ACTUAL)',1),
(55,22,4,55,'CIRUGÍA ONCOLÓGICA','CIRUGÍA ONCOLÓGICA',1),
(56,22,4,56,'MEDICINA ONCOLOGICA','MEDICINA ONCOLOGICA',1),
(57,22,4,57,'MEDICINA FISICA Y REHABILITACION','MEDICINA FISICA Y DE REHABILITACION',1);

/*Data for the table `modalidad_titulo_carpeta` */

insert  into `modalidad_titulo_carpeta`(`idModalidad_titulo_carpeta`,`nombre`,`desripcion`,`estado`) values 
(1,'motivo1','descripcion',1);

/*Data for the table `motivo_certificado` */

insert  into `motivo_certificado`(`idMotivo_certificado`,`nombre`,`descripcion`,`estado`) values 
(1,'TRÁMITE INTERNO','CERTIFICADO DIGITAL PARA TRÁMITE INTERNO',1),
(2,'TRÁMITE EXTERNO','CERTIFICADO DIGITAL PARA TRÁMITE EXTERNO',1);

/*Data for the table `programa` */

/*Data for the table `requisito` */

insert  into `requisito`(`idRequisito`,`idTipo_tramite_unidad`,`nombre`,`descripcion`,`extension`,`responsable`,`estado`) values 
(1,1,'FOTO CARNET','UNA FOTO TAMAÑO CARNET ACTUAL A COLOR CON EL LOGOTIPO DE LA UNT, EN FORMATO JPG','jpg',1,1),
(2,2,'FOTO CARNET','UNA FOTO TAMAÑO CARNET ACTUAL A COLOR CON EL LOGOTIPO DE LA UNT, EN FORMATO JPG','jpg',1,1),
(3,3,'FOTO CARNET','UNA FOTO TAMAÑO CARNET ACTUAL A COLOR CON EL LOGOTIPO DE LA UNT, EN FORMATO JPG','jpg',1,1),
(4,4,'FOTO CARNET','UNA FOTO TAMAÑO CARNET ACTUAL A COLOR CON EL LOGOTIPO DE LA UNT, EN FORMATO JPG','jpg',1,1),
(5,5,'FOTO CARNET','UNA FOTO TAMAÑO CARNET ACTUAL A COLOR CON EL LOGOTIPO DE LA UNT, EN FORMATO JPG','jpg',1,1),
(6,6,'FOTO CARNET','UNA FOTO TAMAÑO CARNET ACTUAL A COLOR CON EL LOGOTIPO DE LA UNT, EN FORMATO JPG','jpg',1,1),
(7,7,'FOTO CARNET','UNA FOTO TAMAÑO CARNET ACTUAL A COLOR CON EL LOGOTIPO DE LA UNT, EN FORMATO JPG','jpg',1,1),
(8,8,'FOTO CARNET','UNA FOTO TAMAÑO CARNET ACTUAL A COLOR CON EL LOGOTIPO DE LA UNT, EN FORMATO JPG','jpg',1,1),
(9,9,'FOTO CARNET','UNA FOTO TAMAÑO CARNET ACTUAL A COLOR CON EL LOGOTIPO DE LA UNT, EN FORMATO JPG','jpg',1,1),
(10,10,'FOTO CARNET','UNA FOTO TAMAÑO CARNET ACTUAL A COLOR CON EL LOGOTIPO DE LA UNT, EN FORMATO JPG','jpg',1,1),
(11,11,'FOTO CARNET','UNA FOTO TAMAÑO CARNET ACTUAL A COLOR CON EL LOGOTIPO DE LA UNT, EN FORMATO JPG','jpg',1,1),
(12,12,'FOTO CARNET','UNA FOTO TAMAÑO CARNET ACTUAL A COLOR CON EL LOGOTIPO DE LA UNT, EN FORMATO JPG','jpg',1,1),
(13,13,'FOTO CARNET','UNA FOTO TAMAÑO CARNET ACTUAL A COLOR CON EL LOGOTIPO DE LA UNT, EN FORMATO JPG','jpg',1,1),
(14,14,'FOTO CARNET','UNA FOTO TAMAÑO CARNET ACTUAL A COLOR CON EL LOGOTIPO DE LA UNT, EN FORMATO JPG','jpg',1,1),
(15,15,'FOTO PASAPORTE','FOTO ACTUAL TAMAÑO PASAPORTE A COLOR CON EL LOGO DE LA UNT FONDO BLANCO','jpg',1,1),
(16,15,'CONSTANCIA DE EXPEDITO','CONSTANCIA DE EXPEDITO','pdf',1,1),
(17,15,'CONSTANCIA DE NO ADEUDO','CONSTANCIA DE NO ADEUDO','pdf',1,1),
(18,15,'CONSTANCIA DE PRIMERA MATRICULA Y EGRESADO','CONSTANCIA DE PRIMERA MATRICULA Y EGRESADO','pdf',1,1),
(19,15,'CERTIFICADO DE ESTUDIOS','CERTIFICADO DE ESTUDIOS','pdf',1,1),
(20,15,'COPIA DE DNI','COPIA DE DNI LEGIBLE','pdf',1,1),
(21,15,'RESOLUCION DE DECANATO','COPIA SIMPLE DE RESOLUCION DE DECANATO','pdf',1,1),
(22,15,'CONSTANCIA FEDATEADA DE IDIOMA EXTRANJERO O NATIVO','CONSTANCIA FEDATEADA DE IDIOMA EXTRANJERO O NATIVO','pdf',1,1),
(23,16,'FOTO PASAPORTE','FOTO ACTUAL TAMAÑO PASAPORTE FONDO BLANCO, A COLOR CON EL LOGO DE LA UNT','jpg',1,1),
(24,16,'COPIA DE DNI','COPIA SIMPLE LEGIBLE DEL DNI','pdf',1,1),
(25,16,'DIPLOMA DE BACHILLER AUTENTICADA','COPIA DE LA DIPLOMA DE BACHILLER AUTENTICADA','pdf',1,1),
(26,16,'CONSTANCIA DE NO ADEUDO','CONSTANCIA DE NO ADEUDO','pdf',1,1),
(27,16,'CONSTANCIA FEDATEADA DE IDIOMA EXTRANJERO O NATIVO','CONSTANCIA FEDATEADA DE IDIOMA EXTRANJERO O NATIVO','pdf',1,1),
(28,16,'CERTIFICADO DE ESTUDIOS','CERTIFICADO DE ESTUDIOS','pdf',1,1),
(29,16,'ACTA DE SUSTENTACION','ACTA DE SUSTENTACION','pdf',1,1),
(30,16,'CONSTANCIA DE EXPEDITO','CONSTANCIA DE EXPEDITO','pdf',1,1),
(31,16,'RESOLUCION DE DECANATO','RESOLUCION DE DECANATO','pdf',1,1),
(32,16,'CONSTANCIA DE PRIMERA MATRICULA Y EGRESADO','CONSTANCIA DE PRIMERA MATRICULA Y EGRESADO','pdf',1,1),
(33,17,'FOTO CARNET','UNA FOTO CUMPLIENDO LOS REQUISITOS POR SUNEDU, EN FORMATO JPG','jpg',1,1),
(34,18,'FOTO CARNET','UNA FOTO CUMPLIENDO LOS REQUISITOS POR SUNEDU, EN FORMATO JPG','jpg',1,1),
(35,18,'DENUNCIA POLICIAL','DENUNCIA POLICIAL','pdf',1,1),
(36,19,'FOTO CARNET','UNA FOTO CUMPLIENDO LOS REQUISITOS POR SUNEDU, EN FORMATO JPG','jpg',1,1),
(37,20,'FOTO CARNET','UNA FOTO CUMPLIENDO LOS REQUISITOS POR SUNEDU, EN FORMATO JPG','jpg',1,1),
(38,20,'DENUNCIA POLICIAL','DENUNCIA POLICIAL','pdf',1,1),
(39,21,'FOTO CARNET','UNA FOTO CUMPLIENDO LOS REQUISITOS POR SUNEDU, EN FORMATO JPG','jpg',1,1),
(40,22,'FOTO CARNET','UNA FOTO CUMPLIENDO LOS REQUISITOS POR SUNEDU, EN FORMATO JPG','jpg',1,1),
(41,22,'DENUNCIA POLICIAL','DENUNCIA POLICIAL','pdf',1,1),
(42,23,'FOTO CARNET','UNA FOTO CUMPLIENDO LOS REQUISITOS POR SUNEDU, EN FORMATO JPG','jpg',1,1),
(43,24,'FOTO CARNET','UNA FOTO CUMPLIENDO LOS REQUISITOS POR SUNEDU, EN FORMATO JPG','jpg',1,1),
(44,24,'DENUNCIA POLICIAL','DENUNCIA POLICIAL','pdf',1,1);

/*Data for the table `tipo_tramite` */

insert  into `tipo_tramite`(`idTipo_tramite`,`descripcion`,`estado`) values 
(1,'CERTIFICADO DE ESTUDIOS',1),
(2,'ELABORACIÓN DE CARPETA',0),
(3,'CARNÉ UNIVERSITARIO',1),
(4,'CONSTANCIA',1);

/*Data for the table `tipo_tramite_unidad` */

insert  into `tipo_tramite_unidad`(`idTipo_tramite_unidad`,`idTipo_tramite`,`idUnidad`,`descripcion`,`costo`,`costo_exonerado`,`estado`) values 
(1,1,1,'CERTIFICADO DE ESTUDIOS DE 1 AÑO',15,0,1),
(2,1,1,'CERTIFICADO DE ESTUDIOS DE 2 AÑOS',30,0,1),
(3,1,1,'CERTIFICADO DE ESTUDIOS DE 3 AÑOS',45,0,1),
(4,1,1,'CERTIFICADO DE ESTUDIOS DE 4 AÑOS',60,0,1),
(5,1,1,'CERTIFICADO DE ESTUDIOS DE 5 AÑOS',75,0,1),
(6,1,1,'CERTIFICADO DE ESTUDIOS DE 6 AÑOS',90,0,1),
(7,1,1,'CERTIFICADO DE ESTUDIOS DE 7 AÑOS',105,0,1),
(8,1,2,'CERTIFICADO DE ESTUDIOS DE 1 AÑO',15,0,1),
(9,1,2,'CERTIFICADO DE ESTUDIOS DE 2 AÑOS',30,0,1),
(10,1,2,'CERTIFICADO DE ESTUDIOS DE 3 AÑOS',45,0,1),
(11,1,3,'CERTIFICADO DE ESTUDIOS DE 1 AÑO',15,0,1),
(12,1,3,'CERTIFICADO DE ESTUDIOS DE 2 AÑOS',30,0,1),
(13,1,4,'CERTIFICADO DE ESTUDIOS DE 1 AÑO',15,0,1),
(14,1,4,'CERTIFICADO DE ESTUDIOS DE 2 AÑOS',30,0,1),
(15,2,1,'GRADO DE BACHILLER',200,26.1,1),
(16,2,1,'TÍTULO PROFESIONAL',250,26.1,1),
(17,3,1,'SOLICITUD REGULAR',16.4,0,1),
(18,3,1,'SOLICITUD DE DUPLICADO',27,0,1),
(19,3,2,'SOLICITUD REGULAR',16.4,0,1),
(20,3,2,'SOLICITUD DE DUPLICADO',27,0,1),
(21,3,3,'SOLICITUD REGULAR',16.4,0,1),
(22,3,3,'SOLICITUD DE DUPLICADO',27,0,1),
(23,3,4,'SOLICITUD REGULAR',16.4,0,1),
(24,3,4,'SOLICITUD DE DUPLICADO',27,0,1),
(25,4,1,'TERCIO SUPERIOR',15,0,1),
(26,4,1,'QUINTO SUPERIOR',15,0,1),
(27,4,1,'ORDEN DE MÉRITO',15,0,1),
(28,4,1,'PROMEDIO PONDERADO',15,0,1),
(29,4,1,'EGRESADO',15,0,1);

/*Data for the table `tipo_usuario` */

insert  into `tipo_usuario`(`idTipo_usuario`,`nombre`,`estado`) values 
(1,'ADMIN',1),
(2,'URAA',1),
(3,'TESORERÍA',1),
(4,'ALUMNO',1);

/*Data for the table `tramite` */

insert  into `tramite`(`idTramite`,`idTramite_detalle`,`idTipo_tramite_unidad`,`idVoucher`,`idUsuario`,`nro_tramite`,`idUnidad`,`idDependencia`,`idDependencia_detalle`,`nro_matricula`,`sede`,`exonerado_archivo`,`comentario`,`idEstado_tramite`,`firma_tramite`,`estado`,`created_at`,`updated_at`) values 
(1,1,25,1,1,'0010922',1,13,29,'1023300217','TRUJILLO',NULL,NULL,5,'FIRMA',1,'2022-09-07 09:17:32','2022-09-07 09:17:32'),
(2,2,5,2,1,'001070922',1,13,29,'1023300217','TRUJILLO',NULL,NULL,7,'FIRMA',1,'2022-09-07 09:17:32','2022-09-07 09:17:32');

/*Data for the table `tramite_detalle` */

insert  into `tramite_detalle`(`idTramite_detalle`,`idCronograma_carpeta`,`idModalidad_titulo_carpeta`,`idMotivo_certificado`,`asignado_certificado`) values 
(1,NULL,NULL,NULL,NULL),
(2,NULL,NULL,1,2);

/*Data for the table `tramite_requisito` */

/*Data for the table `unidad` */

insert  into `unidad`(`idUnidad`,`descripcion`,`estado`) values 
(1,'PREGRADO',1),
(2,'POSTGRADO - DOCTORADO',1),
(3,'POSTGRADO - MAESTRÍA',1),
(4,'SEGUNDA ESPECIALIDAD',1);

/*Data for the table `usuario` */

insert  into `usuario`(`idUsuario`,`idTipo_usuario`,`username`,`password`,`nombres`,`apellidos`,`tipo_documento`,`nro_documento`,`correo`,`celular`,`sexo`,`confirmed`,`confirmation_code`,`reset_password`,`estado`) values 
(1,1,'kjuarez','$2y$10$J32LozOcUvuZ3vUEZJePeeO3gnu//yo8XGpZ6ovV81sbTgGuIB8Ra','KEVIN','JUAREZ','1','75411199','kmuncibay@unitru.edu.pe','96521542','M',1,NULL,NULL,1),
(2,2,'curbina','$2y$10$J32LozOcUvuZ3vUEZJePeeO3gnu//yo8XGpZ6ovV81sbTgGuIB8Ra','CESAR','URBINA','1','74660603','curbina@unitru.edu.pe','95426521','M',1,NULL,NULL,1);

/*Data for the table `voucher` */

insert  into `voucher`(`idVoucher`,`entidad`,`nro_operacion`,`fecha_operacion`,`archivo`,`des_estado_voucher`,`idUsuario_aprobador`,`validado`,`comentario`,`estado`) values 
(1,'BCP','1','2022-09-07','ARCHIVO','PENDIENTE',NULL,0,NULL,1),
(2,'BCP','1','2022-09-07','ARCHIVO','APROBADO',2,1,'',1);

/*!40101 SET SQL_MODE=@OLD_SQL_MODE */;
/*!40014 SET FOREIGN_KEY_CHECKS=@OLD_FOREIGN_KEY_CHECKS */;
/*!40014 SET UNIQUE_CHECKS=@OLD_UNIQUE_CHECKS */;
/*!40111 SET SQL_NOTES=@OLD_SQL_NOTES */;
